{
  "agent_id": 140630966679696,
  "trajectory_length": 11,
  "terminated_by_collision": null,
  "completed_successfully": false,
  "trajectory": [
    {
      "state": [
        {
          "id": 140630966679696,
          "current_position": "POINT (612397.5654419238 3365368.155956366)",
          "current_speed": 0,
          "current_heading": -1.0918830488774884,
          "end": "POINT (624572.4207821654 3341920.268029266)",
          "radius": 17,
          "ref_prll": [
            0.4608149860890086,
            -0.8874962245529762
          ],
          "ref_orth": [
            0.8874962245529762,
            0.4608149860890086
          ],
          "distance_to_goal": 26420.267803291317
        }
      ],
      "action": [
        10,
        -0.0
      ]
    },
    {
      "state": [
        {
          "id": 140630966679696,
          "current_position": "POINT (612397.5654419238 3365368.155956366)",
          "current_speed": 0,
          "current_heading": -1.0918830488774884,
          "end": "POINT (624572.4207821654 3341920.268029266)",
          "radius": 17,
          "ref_prll": [
            0.4608149860890086,
            -0.8874962245529762
          ],
          "ref_orth": [
            0.8874962245529762,
            0.4608149860890086
          ],
          "distance_to_goal": 26420.267803291317
        }
      ],
      "action": [
        10,
        -0.0
      ]
    },
    {
      "state": [
        {
          "id": 140630966679696,
          "current_position": "POINT (612397.588482673 3365368.111581555)",
          "current_speed": 1.0,
          "current_heading": -1.0918830488774884,
          "end": "POINT (624572.4207821654 3341920.268029266)",
          "radius": 17,
          "ref_prll": [
            0.4608149860890068,
            -0.8874962245529773
          ],
          "ref_orth": [
            0.8874962245529773,
            0.4608149860890068
          ],
          "distance_to_goal": 26420.217803291544
        }
      ],
      "action": [
        10,
        -1.7763568394002505e-15
      ]
    },
    {
      "state": [
        {
          "id": 140630966679696,
          "current_position": "POINT (612397.6576049209 3365367.978457121)",
          "current_speed": 2.0,
          "current_heading": -1.0918830488774902,
          "end": "POINT (624572.4207821654 3341920.268029266)",
          "radius": 17,
          "ref_prll": [
            0.46081498608900473,
            -0.8874962245529783
          ],
          "ref_orth": [
            0.8874962245529783,
            0.46081498608900473
          ],
          "distance_to_goal": 26420.067803291768
        }
      ],
      "action": [
        10,
        -2.6645352591003757e-15
      ]
    },
    {
      "state": [
        {
          "id": 140630966679696,
          "current_position": "POINT (612397.7728086674 3365367.756583065)",
          "current_speed": 3.0,
          "current_heading": -1.0918830488774929,
          "end": "POINT (624572.4207821654 3341920.268029266)",
          "radius": 17,
          "ref_prll": [
            0.4608149860890027,
            -0.8874962245529794
          ],
          "ref_orth": [
            0.8874962245529794,
            0.4608149860890027
          ],
          "distance_to_goal": 26419.817803291982
        }
      ],
      "action": [
        10,
        -2.220446049250313e-15
      ]
    },
    {
      "state": [
        {
          "id": 140630966679696,
          "current_position": "POINT (612397.9340939125 3365367.445959387)",
          "current_speed": 4.0,
          "current_heading": -1.091883048877495,
          "end": "POINT (624572.4207821654 3341920.268029266)",
          "radius": 17,
          "ref_prll": [
            0.46081498608900046,
            -0.8874962245529804
          ],
          "ref_orth": [
            0.8874962245529804,
            0.46081498608900046
          ],
          "distance_to_goal": 26419.467803292195
        }
      ],
      "action": [
        10,
        -2.6645352591003757e-15
      ]
    },
    {
      "state": [
        {
          "id": 140630966679696,
          "current_position": "POINT (612398.1414606562 3365367.046586086)",
          "current_speed": 5.0,
          "current_heading": -1.0918830488774978,
          "end": "POINT (624572.4207821654 3341920.268029266)",
          "radius": 17,
          "ref_prll": [
            0.46081498608899824,
            -0.8874962245529816
          ],
          "ref_orth": [
            0.8874962245529816,
            0.46081498608899824
          ],
          "distance_to_goal": 26419.017803292394
        }
      ],
      "action": [
        10,
        -2.6645352591003757e-15
      ]
    },
    {
      "state": [
        {
          "id": 140630966679696,
          "current_position": "POINT (612398.3949088985 3365366.558463163)",
          "current_speed": 6.0,
          "current_heading": -1.0918830488775004,
          "end": "POINT (624572.4207821654 3341920.268029266)",
          "radius": 17,
          "ref_prll": [
            0.4608149860889959,
            -0.8874962245529829
          ],
          "ref_orth": [
            0.8874962245529829,
            0.4608149860889959
          ],
          "distance_to_goal": 26418.467803292584
        }
      ],
      "action": [
        10,
        -2.220446049250313e-15
      ]
    },
    {
      "state": [
        {
          "id": 140630966679696,
          "current_position": "POINT (612398.6944386394 3365365.981590617)",
          "current_speed": 7.0,
          "current_heading": -1.0918830488775026,
          "end": "POINT (624572.4207821654 3341920.268029266)",
          "radius": 17,
          "ref_prll": [
            0.46081498608899346,
            -0.8874962245529842
          ],
          "ref_orth": [
            0.8874962245529842,
            0.46081498608899346
          ],
          "distance_to_goal": 26417.81780329277
        }
      ],
      "action": [
        10,
        -2.6645352591003757e-15
      ]
    },
    {
      "state": [
        {
          "id": 140630966679696,
          "current_position": "POINT (612399.040049879 3365365.315968449)",
          "current_speed": 8.0,
          "current_heading": -1.0918830488775053,
          "end": "POINT (624572.4207821654 3341920.268029266)",
          "radius": 17,
          "ref_prll": [
            0.4608149860889909,
            -0.8874962245529854
          ],
          "ref_orth": [
            0.8874962245529854,
            0.4608149860889909
          ],
          "distance_to_goal": 26417.067803292954
        }
      ],
      "action": [
        10,
        -3.1086244689504383e-15
      ]
    },
    {
      "state": [
        {
          "id": 140630966679696,
          "current_position": "POINT (612399.4317426172 3365364.561596658)",
          "current_speed": 9.0,
          "current_heading": -1.0918830488775084,
          "end": "POINT (624572.4207821654 3341920.268029266)",
          "radius": 17,
          "ref_prll": [
            0.4608149860889883,
            -0.8874962245529868
          ],
          "ref_orth": [
            0.8874962245529868,
            0.4608149860889883
          ],
          "distance_to_goal": 26416.217803293126
        }
      ],
      "action": [
        10,
        -2.6645352591003757e-15
      ]
    }
  ]
}