{
  "agent_id": 139999659483024,
  "trajectory_length": 21,
  "terminated_by_collision": null,
  "completed_successfully": false,
  "trajectory": [
    {
      "state": [
        {
          "id": 139999659483024,
          "current_position": "POINT (620698.0177712981 3349086.349507371)",
          "current_speed": 0,
          "current_heading": 0.31190136201744867,
          "end": "POINT (635054.6299464479 3353715.28371215)",
          "radius": 17,
          "ref_prll": [
            0.9517518219038298,
            0.3068688148097503
          ],
          "ref_orth": [
            -0.3068688148097503,
            0.9517518219038298
          ],
          "distance_to_goal": 15084.407347318442
        }
      ],
      "action": [
        10,
        -0.0
      ]
    },
    {
      "state": [
        {
          "id": 139999659483024,
          "current_position": "POINT (620698.0177712981 3349086.349507371)",
          "current_speed": 0,
          "current_heading": 0.31190136201744867,
          "end": "POINT (635054.6299464479 3353715.28371215)",
          "radius": 17,
          "ref_prll": [
            0.9517518219038298,
            0.3068688148097503
          ],
          "ref_orth": [
            -0.3068688148097503,
            0.9517518219038298
          ],
          "distance_to_goal": 15084.407347318442
        }
      ],
      "action": [
        10,
        -0.0
      ]
    },
    {
      "state": [
        {
          "id": 139999659483024,
          "current_position": "POINT (620698.0653588892 3349086.364850812)",
          "current_speed": 1.0,
          "current_heading": 0.31190136201744867,
          "end": "POINT (635054.6299464479 3353715.28371215)",
          "radius": 17,
          "ref_prll": [
            0.9517518219038289,
            0.30686881480975314
          ],
          "ref_orth": [
            -0.30686881480975314,
            0.9517518219038289
          ],
          "distance_to_goal": 15084.357347318444
        }
      ],
      "action": [
        10,
        3.1086244689504383e-15
      ]
    },
    {
      "state": [
        {
          "id": 139999659483024,
          "current_position": "POINT (620698.2081216625 3349086.410881134)",
          "current_speed": 2.0,
          "current_heading": 0.3119013620174518,
          "end": "POINT (635054.6299464479 3353715.28371215)",
          "radius": 17,
          "ref_prll": [
            0.951751821903826,
            0.30686881480976175
          ],
          "ref_orth": [
            -0.30686881480976175,
            0.951751821903826
          ],
          "distance_to_goal": 15084.207347318452
        }
      ],
      "action": [
        10,
        8.881784197001252e-15
      ]
    },
    {
      "state": [
        {
          "id": 139999659483024,
          "current_position": "POINT (620698.446059618 3349086.487598337)",
          "current_speed": 3.0,
          "current_heading": 0.31190136201746066,
          "end": "POINT (635054.6299464479 3353715.28371215)",
          "radius": 17,
          "ref_prll": [
            0.9517518219038215,
            0.30686881480977607
          ],
          "ref_orth": [
            -0.30686881480977607,
            0.9517518219038215
          ],
          "distance_to_goal": 15083.957347318463
        }
      ],
      "action": [
        10,
        1.509903313490213e-14
      ]
    },
    {
      "state": [
        {
          "id": 139999659483024,
          "current_position": "POINT (620698.7791727557 3349086.595002423)",
          "current_speed": 4.0,
          "current_heading": 0.31190136201747576,
          "end": "POINT (635054.6299464479 3353715.28371215)",
          "radius": 17,
          "ref_prll": [
            0.9517518219038247,
            0.3068688148097659
          ],
          "ref_orth": [
            -0.3068688148097659,
            0.9517518219038247
          ],
          "distance_to_goal": 15083.607347318446
        }
      ],
      "action": [
        10,
        -1.0658141036401503e-14
      ]
    },
    {
      "state": [
        {
          "id": 139999659483024,
          "current_position": "POINT (620699.2074610755 3349086.733093389)",
          "current_speed": 5.0,
          "current_heading": 0.3119013620174651,
          "end": "POINT (635054.6299464479 3353715.28371215)",
          "radius": 17,
          "ref_prll": [
            0.9517518219038261,
            0.30686881480976147
          ],
          "ref_orth": [
            -0.30686881480976147,
            0.9517518219038261
          ],
          "distance_to_goal": 15083.157347318434
        }
      ],
      "action": [
        10,
        -4.884981308350689e-15
      ]
    },
    {
      "state": [
        {
          "id": 139999659483024,
          "current_position": "POINT (620699.7309245776 3349086.901871237)",
          "current_speed": 6.0,
          "current_heading": 0.3119013620174602,
          "end": "POINT (635054.6299464479 3353715.28371215)",
          "radius": 17,
          "ref_prll": [
            0.9517518219038257,
            0.30686881480976275
          ],
          "ref_orth": [
            -0.30686881480976275,
            0.9517518219038257
          ],
          "distance_to_goal": 15082.607347318428
        }
      ],
      "action": [
        10,
        1.7763568394002505e-15
      ]
    },
    {
      "state": [
        {
          "id": 139999659483024,
          "current_position": "POINT (620700.3495632618 3349087.101335967)",
          "current_speed": 7.0,
          "current_heading": 0.311901362017462,
          "end": "POINT (635054.6299464479 3353715.28371215)",
          "radius": 17,
          "ref_prll": [
            0.9517518219038235,
            0.3068688148097698
          ],
          "ref_orth": [
            -0.3068688148097698,
            0.9517518219038235
          ],
          "distance_to_goal": 15081.957347318423
        }
      ],
      "action": [
        10,
        7.105427357601002e-15
      ]
    },
    {
      "state": [
        {
          "id": 139999659483024,
          "current_position": "POINT (620701.0633771283 3349087.331487578)",
          "current_speed": 8.0,
          "current_heading": 0.3119013620174691,
          "end": "POINT (635054.6299464479 3353715.28371215)",
          "radius": 17,
          "ref_prll": [
            0.9517518219038194,
            0.3068688148097825
          ],
          "ref_orth": [
            -0.3068688148097825,
            0.9517518219038194
          ],
          "distance_to_goal": 15081.207347318425
        }
      ],
      "action": [
        10,
        1.3322676295501878e-14
      ]
    },
    {
      "state": [
        {
          "id": 139999659483024,
          "current_position": "POINT (620701.8723661769 3349087.592326071)",
          "current_speed": 9.0,
          "current_heading": 0.3119013620174824,
          "end": "POINT (635054.6299464479 3353715.28371215)",
          "radius": 17,
          "ref_prll": [
            0.9517518219038231,
            0.3068688148097708
          ],
          "ref_orth": [
            -0.3068688148097708,
            0.9517518219038231
          ],
          "distance_to_goal": 15080.357347318399
        }
      ],
      "action": [
        10,
        -1.2434497875801753e-14
      ]
    },
    {
      "state": [
        {
          "id": 139999659483024,
          "current_position": "POINT (620702.7765304077 3349087.883851445)",
          "current_speed": 10.0,
          "current_heading": 0.31190136201747,
          "end": "POINT (635054.6299464479 3353715.28371215)",
          "radius": 17,
          "ref_prll": [
            0.951751821903825,
            0.30686881480976475
          ],
          "ref_orth": [
            -0.30686881480976475,
            0.951751821903825
          ],
          "distance_to_goal": 15079.407347318378
        }
      ],