{
  "agent_id": 140432582693776,
  "trajectory_length": 2,
  "terminated_by_collision": null,
  "completed_successfully": false,
  "trajectory": [
    {
      "state": [
        {
          "id": 140432582693776,
          "current_position": "POINT (620698.0177712981 3349086.349507371)",
          "current_speed": 0,
          "current_heading": 0.31190136201744867,
          "end": "POINT (635054.6299464479 3353715.28371215)",
          "radius": 17,
          "ref_prll": [
            0.9517518219038298,
            0.3068688148097503
          ],
          "ref_orth": [
            -0.3068688148097503,
            0.9517518219038298
          ],
          "distance_to_goal": 15084.407347318442
        }
      ],
      "action": [
        10,
        -0.0
      ]
    },
    {
      "state": [
        {
          "id": 140432582693776,
          "current_position": "POINT (620698.0177712981 3349086.349507371)",
          "current_speed": 0,
          "current_heading": 0.31190136201744867,
          "end": "POINT (635054.6299464479 3353715.28371215)",
          "radius": 17,
          "ref_prll": [
            0.9517518219038298,
            0.3068688148097503
          ],
          "ref_orth": [
            -0.3068688148097503,
            0.9517518219038298
          ],
          "distance_to_goal": 15084.407347318442
        }
      ],
      "action": [
        10,
        -0.0
      ]
    }
  ]
}